{"innings":2,"end_match":false,"no_of_overs":"2","wickets":0,"overs_bowled":1,"balls_bowled":1,"first_team_id":2,"first_team_name":"Navi Mumbai Eagles","second_team_id":1,"second_team_name":"DB Strikers","match_id":"3","batsmen":[{"pid":8,"player_name":"Ajith  Bhat ","runs":21,"balls_faced":8,"fours":0,"sixes":1,"on_strike":true,"is_out":false,"no_balls":[{"id":44,"isvalid":5,"out_param":null,"fielder_1":null,"fielder_2":null,"runs_scored":"7","scored_by":8,"over_id":13,"is_delete":null,"innings":2,"created_at":null,"updated_at":null},{"id":45,"isvalid":5,"out_param":null,"fielder_1":null,"fielder_2":null,"runs_scored":"7","scored_by":8,"over_id":13,"is_delete":null,"innings":2,"created_at":null,"updated_at":null}]},{"pid":13,"player_name":"Amit  Shenoy","runs":1,"balls_faced":1,"fours":0,"sixes":0,"on_strike":false,"is_out":false,"no_balls":[]},{"pid":16,"player_name":"Ananth Shenoy","runs":0,"balls_faced":0,"fours":0,"sixes":0,"on_strike":false,"is_out":false},{"pid":21,"player_name":"Arjun  Bhat ","runs":0,"balls_faced":0,"fours":0,"sixes":0,"on_strike":false,"is_out":false},{"pid":22,"player_name":"Ashish Kamath","runs":0,"balls_faced":0,"fours":0,"sixes":0,"on_strike":false,"is_out":false},{"pid":26,"player_name":"Athul Shenoy","runs":0,"balls_faced":0,"fours":0,"sixes":0,"on_strike":false,"is_out":false},{"pid":38,"player_name":"Deepesh Shenoy","runs":0,"balls_faced":0,"fours":0,"sixes":0,"on_strike":false,"is_out":false},{"pid":40,"player_name":"Dilip Kamath","runs":0,"balls_faced":0,"fours":0,"sixes":0,"on_strike":false,"is_out":false},{"pid":48,"player_name":"H.sachin Gadiyar","runs":0,"balls_faced":0,"fours":0,"sixes":0,"on_strike":false,"is_out":false},{"pid":61,"player_name":"Manjunath  Kamath","runs":0,"balls_faced":0,"fours":0,"sixes":0,"on_strike":false,"is_out":false},{"pid":70,"player_name":"Naresh  Kamath","runs":0,"balls_faced":0,"fours":0,"sixes":0,"on_strike":false,"is_out":false}],"batting_team":"DB Strikers","batting_team_logo":"dbstrikers.jpg","bowlers":[{"pid":18,"player_name":"Ananthesh Pai","runs":20,"overs":0,"maiden":0,"eco_rate":0,"current_ball":"0.1","wickets":0,"balls":1},{"pid":31,"player_name":"Charan  Kamath","runs":0,"overs":0,"maiden":0,"eco_rate":0,"current_ball":0},{"pid":42,"player_name":"GANESH NAYAK","runs":0,"overs":0,"maiden":0,"eco_rate":0,"current_ball":0},{"pid":44,"player_name":"Girish Pai.B.H","runs":0,"overs":0,"maiden":0,"eco_rate":0,"current_ball":0},{"pid":67,"player_name":"Nagesh  Pai","runs":0,"overs":0,"maiden":0,"eco_rate":0,"current_ball":0},{"pid":75,"player_name":"Prajwal Bhaktha","runs":0,"overs":0,"maiden":0,"eco_rate":0,"current_ball":0},{"pid":76,"player_name":"Pranav Pai","runs":0,"overs":0,"maiden":0,"eco_rate":0,"current_ball":0},{"pid":92,"player_name":"Rajatha R","runs":0,"overs":0,"maiden":0,"eco_rate":0,"current_ball":0},{"pid":96,"player_name":"Ratish Pai","runs":0,"overs":0,"maiden":0,"eco_rate":0,"current_ball":0},{"pid":105,"player_name":"Sandeepa Nayak","runs":0,"overs":0,"maiden":0,"eco_rate":0,"current_ball":0},{"pid":124,"player_name":"Srinivas Pai BH","runs":0,"overs":0,"maiden":0,"eco_rate":0,"current_ball":0}],"currentbatsmen":[{"pid":8,"player_name":"Ajith  Bhat ","runs":21,"balls_faced":8,"fours":0,"sixes":1,"on_strike":true,"is_out":false,"no_balls":[{"id":44,"isvalid":5,"out_param":null,"fielder_1":null,"fielder_2":null,"runs_scored":"7","scored_by":8,"over_id":13,"is_delete":null,"innings":2,"created_at":null,"updated_at":null},{"id":45,"isvalid":5,"out_param":null,"fielder_1":null,"fielder_2":null,"runs_scored":"7","scored_by":8,"over_id":13,"is_delete":null,"innings":2,"created_at":null,"updated_at":null}]},{"pid":13,"player_name":"Amit  Shenoy","runs":1,"balls_faced":1,"fours":0,"sixes":0,"on_strike":false,"is_out":false,"no_balls":[]}],"currentbowler":{"pid":18,"player_name":"Ananthesh Pai","runs":20,"overs":0,"maiden":0,"eco_rate":0,"current_ball":"0.1","wickets":0,"balls":1},"currentover":[{"is_legal":1,"total_runs":"6"},{"is_legal":5,"total_runs":"7"},{"is_legal":5,"total_runs":"7"}],"team_runs_disp":24,"first_team_runs":22,"first_team_wickets":3,"first_innings_score":"22\/3","over_id":13,"overs_bowled_total":"1.1","crr":20.57}