{"innings":1,"end_match":false,"no_of_overs":"2","wickets":6,"overs_bowled":1,"balls_bowled":2,"first_team_id":4,"first_team_name":"Andheri Supernaturals","second_team_id":2,"second_team_name":"Navi Mumbai Eagles","match_id":"2","batsmen":[{"pid":37,"player_name":"Deepak R Nayak","runs":0,"balls_faced":0,"fours":0,"sixes":0,"on_strike":false,"is_out":false},{"pid":43,"player_name":"Gautham Pai","runs":0,"balls_faced":0,"fours":0,"sixes":0,"on_strike":false,"is_out":false},{"pid":49,"player_name":"Jayant Prabhu","runs":0,"balls_faced":0,"fours":0,"sixes":0,"on_strike":false,"is_out":false},{"pid":59,"player_name":"Mahesh Shenoy","runs":0,"balls_faced":0,"fours":0,"sixes":0,"on_strike":false,"is_out":false,"no_balls":[]},{"pid":64,"player_name":"MEHUL KAMATH","runs":0,"balls_faced":0,"fours":0,"sixes":0,"on_strike":false,"is_out":false},{"pid":65,"player_name":"N Rajesh  Nayak","runs":0,"balls_faced":0,"fours":0,"sixes":0,"on_strike":false,"is_out":false},{"pid":68,"player_name":"Nandan Prabhu","runs":0,"balls_faced":3,"fours":0,"sixes":0,"on_strike":true,"is_out":false,"no_balls":[]},{"pid":72,"player_name":"Nishant Kamat","runs":0,"balls_faced":0,"fours":0,"sixes":0,"on_strike":false,"is_out":false},{"pid":85,"player_name":"Pratik  Prabhu","runs":0,"balls_faced":0,"fours":0,"sixes":0,"on_strike":false,"is_out":false},{"pid":99,"player_name":"Rohan Nayak","runs":0,"balls_faced":0,"fours":0,"sixes":0,"on_strike":false,"is_out":false},{"pid":101,"player_name":"Rushabh Mahale","runs":0,"balls_faced":0,"fours":0,"sixes":0,"on_strike":false,"is_out":false}],"batting_team":"Andheri Supernaturals","batting_team_logo":"andheri.jpg","bowlers":[{"pid":18,"player_name":"Ananthesh Pai","runs":0,"overs":0,"maiden":0,"eco_rate":0,"current_ball":0},{"pid":31,"player_name":"Charan  Kamath","runs":0,"overs":0,"maiden":0,"eco_rate":0,"current_ball":0},{"pid":42,"player_name":"GANESH NAYAK","runs":0,"overs":0,"maiden":0,"eco_rate":0,"current_ball":0},{"pid":44,"player_name":"Girish Pai.B.H","runs":4,"overs":0,"maiden":0,"eco_rate":0,"current_ball":"0.2","wickets":0,"balls":2},{"pid":67,"player_name":"Nagesh  Pai","runs":0,"overs":0,"maiden":0,"eco_rate":0,"current_ball":0},{"pid":75,"player_name":"Prajwal Bhaktha","runs":0,"overs":0,"maiden":0,"eco_rate":0,"current_ball":0},{"pid":76,"player_name":"Pranav Pai","runs":0,"overs":0,"maiden":0,"eco_rate":0,"current_ball":0},{"pid":92,"player_name":"Rajatha R","runs":0,"overs":0,"maiden":0,"eco_rate":0,"current_ball":0},{"pid":96,"player_name":"Ratish Pai","runs":0,"overs":0,"maiden":0,"eco_rate":0,"current_ball":0},{"pid":105,"player_name":"Sandeepa Nayak","runs":0,"overs":0,"maiden":0,"eco_rate":0,"current_ball":0},{"pid":124,"player_name":"Srinivas Pai BH","runs":0,"overs":0,"maiden":0,"eco_rate":0,"current_ball":0}],"currentbatsmen":[{"pid":68,"player_name":"Nandan Prabhu","runs":0,"balls_faced":3,"fours":0,"sixes":0,"on_strike":true,"is_out":false,"no_balls":[]},{"pid":59,"player_name":"Mahesh Shenoy","runs":0,"balls_faced":0,"fours":0,"sixes":0,"on_strike":false,"is_out":false,"no_balls":[]}],"currentbowler":{"pid":44,"player_name":"Girish Pai.B.H","runs":4,"overs":0,"maiden":0,"eco_rate":0,"current_ball":"0.2","wickets":0,"balls":2},"currentover":[{"is_legal":11,"total_runs":"1"},{"is_legal":12,"total_runs":"1"},{"is_legal":14,"total_runs":"2"}],"team_runs_disp":18,"first_team_runs":18,"first_team_wickets":6,"first_innings_score":"18\/6","over_id":16,"overs_bowled_total":"1.2","crr":13.5}